{
  "test_statistic": 136.33871298931064,
  "p_value": 1.6823877514057515e-31
}